{
	"system" : {
		"platform" : "windows64",
		"os_name" : "Windows 10",
		"os_version" : "10.0"
	},
	"error" : {
		"executable" : "quartus",
		"comment" : "not_applicable",
		"error_message" : "Access Violation at 0X0000000061F80C4B",
		"source_file" : "unknown",
		"line" : "0",
		"stack_trace" : "\t 0x61f80c4a: QtCore4 + 0x110c4a (?cast@QMetaObject@@QEBAPEBVQObject@@PEBV2@@Z + 0x1a)\n\t 0x60c532ca: QtGui4 + 0x3a32ca (?eventFilter@QMdiArea@@MEAA_NPEAVQObject@@PEAVQEvent@@@Z + 0x6a)\n\t 0x61f7f742: QtCore4 + 0x10f742 (?sendThroughApplicationEventFilters@QCoreApplicationPrivate@@QEAA_NPEAVQObject@@PEAVQEvent@@@Z + 0x92)\n\t 0x608d2dbd: QtGui4 + 0x22dbd (?notify_helper@QApplicationPrivate@@QEAA_NPEAVQObject@@PEAVQEvent@@@Z + 0x1d)\n\t 0x608d2b2f: QtGui4 + 0x22b2f (?notify@QApplication@@UEAA_NPEAVQObject@@PEAVQEvent@@@Z + 0x17bf)\n\t 0x61f7d92b: QtCore4 + 0x10d92b (?notifyInternal@QCoreApplication@@AEAA_NPEAVQObject@@PEAVQEvent@@@Z + 0x7b)\n\t 0x608ce182: QtGui4 + 0x1e182 (?enterModal@QApplicationPrivate@@SAXPEAVQWidget@@@Z + 0x172)\n\t 0x609208c6: QtGui4 + 0x708c6 (?show_helper@QWidgetPrivate@@QEAAXXZ + 0x226)\n\t 0x6091f478: QtGui4 + 0x6f478 (?setVisible@QWidget@@UEAAX_N@Z + 0x308)\n\t 0x60cd432d: QtGui4 + 0x42432d (?setVisible@QDialog@@UEAAX_N@Z + 0xcd)\n\t 0x60cd3611: QtGui4 + 0x423611 (?exec@QDialog@@QEAAHXZ + 0xa1)\n\t0x7fff77dfa46c: saui_fpdq + 0xa46c (?file_settings@FPDQ_FILE_PROPERTIES@@SA_NPEAVQWidget@@PEAUFPDQ_FILE_PROPERTY_INFO@1@PEAUETI_UI_TOOL_INFO_SETTINGS@@_N@Z + 0xcc)\n\t0x7ffff614d4b1: saui_psetq + 0xd4b1 (?properties@PSETQ_FILES@@MEAAXXZ + 0x571)\n\t 0x61f8c420: QtCore4 + 0x11c420 (?activate@QMetaObject@@SAXPEAVQObject@@PEBU1@HPEAPEAX@Z + 0x520)\n\t 0x60e3c682: QtGui4 + 0x58c682 (?clicked@QAbstractButton@@IEAAX_N@Z + 0x32)\n\t 0x60bf3d9e: QtGui4 + 0x343d9e (?click@QAbstractButton@@QEAAXXZ + 0x51e)\n\t 0x60bf3a17: QtGui4 + 0x343a17 (?click@QAbstractButton@@QEAAXXZ + 0x197)\n\t 0x60bf4899: QtGui4 + 0x344899 (?mouseReleaseEvent@QAbstractButton@@MEAAXPEAVQMouseEvent@@@Z + 0x59)\n\t 0x60910794: QtGui4 + 0x60794 (?event@QWidget@@MEAA_NPEAVQEvent@@@Z + 0xd4)\n\t 0x608d2e95: QtGui4 + 0x22e95 (?notify_helper@QApplicationPrivate@@QEAA_NPEAVQObject@@PEAVQEvent@@@Z + 0xf5)\n\t 0x608d1a8e: QtGui4 + 0x21a8e (?notify@QApplication@@UEAA_NPEAVQObject@@PEAVQEvent@@@Z + 0x71e)\n\t 0x61f7d92b: QtCore4 + 0x10d92b (?notifyInternal@QCoreApplication@@AEAA_NPEAVQObject@@PEAVQEvent@@@Z + 0x7b)\n\t 0x608d5cfe: QtGui4 + 0x25cfe (?sendMouseEvent@QApplicationPrivate@@SA_NPEAVQWidget@@PEAVQMouseEvent@@00PEAPEAV2@AEAV?$QPointer@VQWidget@@@@_N@Z + 0x1de)\n\t 0x609356f0: QtGui4 + 0x856f0 (?trUtf8@QScrollBar@@SA?AVQString@@PEBD0H@Z + 0x1440)\n\t 0x609390b1: QtGui4 + 0x890b1 (?winMouseButtonUp@QApplication@@SAXXZ + 0x2761)\n\t0x7ff8302f8230: USER32 + 0x18230 (DispatchMessageW + 0x740)\n\t0x7ff8302f7cf0: USER32 + 0x17cf0 (DispatchMessageW + 0x200)\n\t 0x61fa2802: QtCore4 + 0x132802 (?processEvents@QEventDispatcherWin32@@UEAA_NV?$QFlags@W4ProcessEventsFlag@QEventLoop@@@@@Z + 0x3e2)\n\t 0x60930eb4: QtGui4 + 0x80eb4 (?openPopup@QApplicationPrivate@@QEAAXPEAVQWidget@@@Z + 0x204)\n\t 0x61f7a88b: QtCore4 + 0x10a88b (?exec@QEventLoop@@QEAAHV?$QFlags@W4ProcessEventsFlag@QEventLoop@@@@@Z + 0x22b)\n\t 0x61f7ce6f: QtCore4 + 0x10ce6f (?exec@QCoreApplication@@SAHXZ + 0xdf)\n\t0x7ff71859197b: quartus + 0x197b (?qgq_main@@YAHHPEAPEBD@Z + 0x7b)\n\t0x7ff8039b3328: CCL_MSG + 0x13328 (?msg_main_thread@@YAPEAXPEAX@Z + 0x18)\n\t0x7ff8039b4b0e: CCL_MSG + 0x14b0e (?msg_thread_wrapper@@YAPEAXP6APEAXPEAX@Z0@Z + 0x6e)\n\t0x7ff81ec85b00: ccl_mem + 0x15b00 (?mem_thread_wrapper@@YAPEAXP6APEAXPEAX@Z0@Z + 0x70)\n\t0x7ff8039b2a11: CCL_MSG + 0x12a11 (?msg_exe_main@@YAHHPEAPEBDP6AHH0@Z@Z + 0xa1)\n\t0x7ff7185924e7: quartus + 0x24e7 (WinMain + 0x127)\n\t0x7ff718591e58: quartus + 0x1e58 (__tmainCRTStartup + 0x148)\n\t0x7ff82fe026ac: KERNEL32 + 0x126ac (BaseThreadInitThunk + 0x1c)\n\t0x7ff830fca9f7: ntdll + 0x5a9f7 (RtlUserThreadStart + 0x27)\n",
		"subsystem" : "unknown"
	},
	"quartus" : {
		"quartus_bits" : "64",
		"version" : "16.1.2",
		"build" : "203",
		"edition" : "Lite Edition"
	}
}